gender,avg(tripduration)
Female,1102.4052011867236
Male,855.7020468323127
